{"type":"PlanScript","dependentArtifacts":null,"hpProvided":false,"category":null,"eTag":null,"created":null,"modified":null,"customAttributes":null,"planType":"deploy","description":"Configures the hostname and default gateway.","uri":null,"status":null,"name":"RHEL-7.3-DCOS-hostname-config-lab-NIC-type-attrib","id":"0a35cd3b-5e2d-4293-aff4-c97b39f33bd4","state":null,"content":"# Edit network file to set hostname \nupload -<<EOF /etc/sysconfig/network\nNETWORKING=yes\nHOSTNAME=@fqdn@\nGATEWAY=@MGMT.gateway:192.168.1.11@\nEOF\n\n# Add /etc/hostname entry for hostname\nupload -<<END /tmp/ImageStreamer/hostname_configure\n#! /bin/bash\n#Updating the hostname\ncat > /etc/hostname << EOF\n@fqdn@\nEOF\n\nexit 0\nEND\n\n#Script to Remove default route \nupload -<<END /etc/init.d/delete_def_route\n#!/bin/bash\n# chkconfig: 2345 20 80\n# description: Description comes here....\n\n# Source function library.\n. /etc/init.d/functions\n\ncase \"$1\" in\n    start)\n       #start\n       ip route del default\n       ;;\n    stop)\n       stop\n       ;;\n    restart)\n       stop\n       start\n       ;;\n    status)\n       # code to check status of app comes here\n       # example: status program_name\n       ;;\n    *)\n       echo \"Usage: $0 {start|stop|status|restart}\"\nesac\nexit 0\nEND\n\nupload -<<END /etc/init.d/rm_del_def_route\n#!/bin/bash\n# chkconfig: 2345 20 80\n# description: Description comes here....\n\n# Source function library.\n. /etc/init.d/functions\n\ncase \"$1\" in\n    start)\n\t\tchkconfig --del delete_def_route\n\t\tfile=\"/etc/init.d/delete_def_route\"\n\t\tif [ -f $file ]\n\t\tthen\n\t\t\trm -f $file\n\t\tfi\n\t\tchkconfig --del rm_del_def_route\n\t\tunlink $0\n       ;;\n    stop)\n       stop\n       ;;\n    restart)\n       stop\n       start\n       ;;\n    status)\n       # code to check status of app comes here\n       # example: status program_name\n       ;;\n    *)\n       echo \"Usage: $0 {start|stop|status|restart}\"\nesac\n\nexit 0\nEND\n\nupload -<<END /tmp/ImageStreamer/del-def-route\n#! /bin/bash\n\n#Add to rc.local\ncat <<\"EOF\" >>./rc.local\n\nchmod +x /etc/init.d/delete_def_route\nchkconfig --add /etc/init.d/delete_def_route\nservice delete_def_route start\n\n#### Note ####\n#If you don't want to run the service \"delete_def_route\" after each boot, you can uncomment the block below.\n#chmod +x /etc/init.d/rm_del_def_route\n#chkconfig --add /etc/init.d/rm_del_def_route\n#### Note ####\n\nEOF\n\nexit 0\nEND\n\ndownload /tmp/ImageStreamer/del-def-route ./del-def-route\n!source ./del-def-route\nchmod 755 /tmp/ImageStreamer/hostname_configure\ncommand /tmp/ImageStreamer/hostname_configure\n\necho \"-------- new /etc/sysconfig/network ----------\"\ncat /etc/sysconfig/network\n\necho \"-------- new /etc/hostname ----------\"\ncat /etc/hostname"}