{"type":"PlanScript","dependentArtifacts":null,"hpProvided":false,"category":null,"eTag":null,"created":null,"modified":null,"customAttributes":null,"planType":"deploy","description":"Configure DNS using custom attributes to set the search suffix and primary and secondary name servers.","uri":null,"status":null,"name":"RHEL-7.3-DCOS-dns-config-lab-NIC-type-attribs","id":"2fddd278-0548-4ac4-bbf4-e0602c981c33","state":null,"content":"# write /etc/resolv.conf\nupload -<<EOF /etc/resolv.conf\nsearch @MGMT.domain:etss.lab@\nnameserver @MGMT.dns1@\nnameserver @MGMT.dns2@\nEOF\n\necho \"-------- new /etc/resolv.conf ----------\"\ncat /etc/resolv.conf"}