{"type":"PlanScript","dependentArtifacts":null,"hpProvided":false,"category":null,"eTag":null,"created":null,"modified":null,"customAttributes":null,"planType":"deploy","description":"SSH access","uri":null,"status":null,"name":"SSH_DCOS_Copy_Authorized_key","id":"35345126-e1e0-4ce9-9091-0afb468fc1cb","state":null,"content":"#create a script to add authorized keys \n-mkdir-p /root/.ssh/\n-touch /root/.ssh/authorized_keys\n-touch /tmp/configure_keys\nchmod 0777 /tmp/configure_keys\n\nupload -<<END /tmp/configure_keys\npart1=\"@SSH_CERT1@\" \npart2=\"@SSH_CERT2@\"\n#cat <<EOF >>/root/.ssh/authorized_keys\necho $part1$part2 > ./authorized_keys\n#$part1$part2\nexit 0\nEND\n\ndownload /tmp/configure_keys ./configure_keys \ndownload /root/.ssh/authorized_keys ./authorized_keys\n!source ./configure_keys\nupload ./authorized_keys /root/.ssh/authorized_keys\n#echo $part1$part2 > /root/.ssh/authorized_keys"}