{"type":"OeBuildPlan","dependentArtifacts":null,"customAttributes":[{"constraints":"{}","description":"","name":"SSH_CERT2","value":"","type":"string"},{"constraints":"{}","description":"","name":"SSH_CERT1","value":"","type":"string"},{"constraints":"{\"ipv4static\":false,\"ipv4dhcp\":true,\"ipv4disable\":false,\"parameters\":[\"dns1\",\"dns2\",\"domain\",\"gateway\",\"ipaddress\",\"netmask\"]}","description":"","name":"MGMT","value":null,"type":"nic"},{"constraints":"{}","description":"","name":"interface_name","value":"","type":"string"},{"constraints":"{}","description":"","name":"fqdn","value":"","type":"string"},{"constraints":"{}","description":"","name":"dhcphost","value":"","type":"string"}],"buildStep":[{"planScriptName":"RHEL-7.3-DCOS-Mount","planScriptUri":"/rest/plan-scripts/592b10e9-81f7-4bd0-b77f-05247e4bd519","serialNumber":"1","parameters":null},{"planScriptName":"RHEL-7.3-DCOS-nic-configure-lab-NIC-type-attribs","planScriptUri":"/rest/plan-scripts/e61f7751-1bf9-4cc6-840f-2b6d20825191","serialNumber":"2","parameters":null},{"planScriptName":"RHEL-7.3-DCOS-dns-config-lab-NIC-type-attribs","planScriptUri":"/rest/plan-scripts/2fddd278-0548-4ac4-bbf4-e0602c981c33","serialNumber":"3","parameters":null},{"planScriptName":"RHEL-7.3-DCOS-hostname-config-lab-NIC-type-attrib","planScriptUri":"/rest/plan-scripts/0a35cd3b-5e2d-4293-aff4-c97b39f33bd4","serialNumber":"4","parameters":null},{"planScriptName":"SSH_DCOS_Copy_Authorized_key","planScriptUri":"/rest/plan-scripts/35345126-e1e0-4ce9-9091-0afb468fc1cb","serialNumber":"5","parameters":null},{"planScriptName":"DCOS-Delete-Default-Route","planScriptUri":"/rest/plan-scripts/fdff73fb-dd0f-4284-9d8d-db9b61a16661","serialNumber":"6","parameters":null},{"planScriptName":"RHEL7.3-DCOS-Yum-Repo-Config","planScriptUri":"/rest/plan-scripts/6c8af515-158c-4258-bd38-5239cbf7adde","serialNumber":"7","parameters":null},{"planScriptName":"DCOS-IPTables-Base","planScriptUri":"/rest/plan-scripts/999e5ef6-8131-40bc-876f-1952d81ffe89","serialNumber":"8","parameters":null}],"category":null,"eTag":null,"created":null,"modified":null,"etag":null,"hpProvided":false,"buildPlanid":"479c584e-b581-4dca-af16-d0e782996898","oeBuildPlanType":"deploy","description":"OSBuild plan for Mesos DCOS","uri":null,"status":null,"name":"RHEL-7.3-DCOS-BaseOS"}