{"type":"PlanScript","dependentArtifacts":null,"hpProvided":false,"category":null,"eTag":null,"created":null,"modified":null,"customAttributes":null,"planType":"deploy","description":"Supports RHEL 7.2 and 7.3. Installs DCOS agent or master along with the prerequisites.\nBy Govind","uri":null,"status":null,"name":"RHEL-7.3-DCOS-Mount","id":"592b10e9-81f7-4bd0-b77f-05247e4bd519","state":null,"content":"# Mount the root partition (Assume that the partition type is LVM type)\n-mount /dev/rhel/root /\n\n#Create temporary directory\nmkdir-p /tmp/ImageStreamer\n\ndownload /etc/os-release ./os-release\n\n#############################################################\n#################Validate the Image##########################\n#############################################################\n\nupload -<<END /tmp/ImageStreamer/validate_image\n#! /bin/bash\nfile=\"./os-release\"\nexp_os='\"Red Hat Enterprise Linux Server\"'\nexp_ver='\"7.3\"'\nif [ -f $file ]\n then\n os_name=`cat $file | grep -w \"NAME\" | awk -F'[=]' '{print $2}'`\n version_id=`cat $file | grep \"VERSION_ID\" | awk -F'[=]' '{print $2}'`\n\n# Check only for RHEL\n# if [[ $os_name == $exp_rhel_os ]] || [[ $os_name == $exp_centos_os ]]\n if [ $os_name == $exp_rhel_os ]\n then\n  #Validate version \n  if [[ $version_id=\"7\" ]] || [[ $version_id=\"7.2\" ]] || [[ $version_id=\"7.3\" ]]\n  then\n   echo \"##########################\"\n   echo \"Image validation successfully completed!!!\"\n   echo \"Detected OS: $os_name $version_id\"\n   echo \"Operating system is matching with the expected Operating System\"\n   echo \"##########################\"\n  else\n   echo \"##########################\"\n   echo \"Image validation failed : Operating system is NOT matching with the expected Operating System\"\n   echo \"Please ensure that the golden image of Red Hat Enterprise Linux Server 7.3\"\n   echo \"##########################\"\n   exit 1\n  fi\n fi\nelse\n echo \"##########################\"\n echo \"Image validation failed : Operating system is NOT matching with the expected Operating System\"\n echo \"Please ensure that the golden image of Red Hat Enterprise Linux Server 7.3\"\n echo \"##########################\"\n exit 1\nfi\nEND\n\ndownload /tmp/ImageStreamer/validate_image ./validate_image\n!source ./validate_image"}