{"type":"PlanScript","dependentArtifacts":null,"hpProvided":false,"category":null,"eTag":null,"created":null,"modified":null,"customAttributes":null,"planType":"deploy","description":"","uri":null,"status":null,"name":"RHEL7.3-DCOS-Yum-Repo-Config","id":"6c8af515-158c-4258-bd38-5239cbf7adde","state":null,"content":"#create a script to create a yum repo\n\nupload -<<END /etc/yum.repos.d/RHEL72.repo\n[RHEL72]\nname=RHEL 7.2 dvd repo\nbaseurl=http://synwin.etss.lab/deployment/rhel73-x64\nenabled=1\ngpgcheck=0\nEND"}