{"type":"PlanScript","dependentArtifacts":null,"hpProvided":false,"category":null,"eTag":null,"created":null,"modified":null,"customAttributes":null,"planType":"deploy","description":"Configures the specified network interface using some string type attributes and some NIC.* type attributes.","uri":null,"status":null,"name":"RHEL-7.3-DCOS-nic-configure-lab-NIC-type-attribs","id":"e61f7751-1bf9-4cc6-840f-2b6d20825191","state":null,"content":"# Configure NIC\nupload -<<END /tmp/ImageStreamer/NIC_configure\n#! /bin/bash\necho \"Configure network for static IP\"\ncat > /etc/sysconfig/network-scripts/ifcfg-@interface_name@ <<EOF\nNAME=\"@interface_name@\"\nDEVICE=\"@interface_name@\"\nONBOOT=yes\nBOOTPROTO=\"dhcp\"\nDHCP_HOSTNAME=@dhcphost@\n#IPADDR=\"@MGMT.ipaddress@\"\n#NETMASK=\"@MGMT.netmask:255.255.252.0@\"\n#GATEWAY=\"@MGMT.gateway:192.168.1.11@\"\nTYPE=Ethernet\nEOF\n\nexit 0\nEND\nchmod 755 /tmp/ImageStreamer/NIC_configure\ncommand /tmp/ImageStreamer/NIC_configure\n\necho \"-------- new /etc/sysconfig/network-scripts/ifcfg-@interface_name@ ----------\"\ncat /etc/sysconfig/network-scripts/ifcfg-@interface_name@"}