{"type":"PlanScript","dependentArtifacts":null,"hpProvided":false,"category":null,"eTag":null,"created":null,"modified":null,"customAttributes":null,"planType":"deploy","description":"","uri":null,"status":null,"name":"DCOS-Delete-Default-Route","id":"fdff73fb-dd0f-4284-9d8d-db9b61a16661","state":null,"content":"# upload configuration script to remove default route\n\ndownload /etc/rc.d/rc.local ./rc.local \n!echo \"ip route del default\" >> ./rc.local\nupload ./rc.local /etc/rc.d/rc.local\nchmod 0777 /etc/rc.d/rc.local"}